{
    "accuracy": 0.9026217228464419,
    "precision": 0.9183673469387755,
    "recall": 0.9292035398230089,
    "f1_score": 0.9237536656891495,
    "roc_auc": 0.8928068981166326
}